0.002;-0.00001;7.48693
0.004;-0.00001;2.92591
0.006;0;1.63564
0.008;0.00002;6.1977
0.01;0.00007;10.76029
0.012;0.00018;15.32339
0.014;0.00035;19.88701
0.016;0.00062;24.45116
0.018;0.00099;29.01582
0.02;0.00148;33.581
0.022;0.00212;38.1467
0.024;0.00292;42.71293
0.026;0.00389;47.27967
0.028;0.00507;51.84693
0.03;0.00646;56.4147
0.032;0.00809;60.98299
0.034;0.00996;65.55179
0.036;0.01211;70.12109
0.038;0.01454;74.6909
0.04;0.01729;79.2612
0.042;0.02035;83.83199
0.044;0.02376;88.40326
0.046;0.02754;92.97502
0.048;0.03169;97.54724
0.05;0.03624;102.11992
0.052;0.0412;103.99815
0.054;0.04657;103.17549
0.056;0.05235;102.35261
0.058;0.05854;101.5295
0.06;0.06513;100.70618
0.062;0.07212;99.88264
0.064;0.07951;99.05889
0.066;0.08729;98.23493
0.068;0.09546;97.41075
0.07;0.10402;96.58636
0.072;0.11296;95.76177
0.074;0.12227;94.93697
0.076;0.13197;94.22848
0.078;0.14204;94.21983
0.08;0.15249;94.32786
0.082;0.16331;94.43588
0.084;0.17451;94.54391
0.086;0.18609;94.65192
0.088;0.19805;94.75994
0.09;0.21038;94.86795
0.092;0.22309;94.97596
0.094;0.23618;95.08396
0.096;0.24965;95.19197
0.098;0.26349;95.29998
0.1;0.27772;95.40799
0.102;0.29233;95.51599
0.104;0.30732;95.624
0.106;0.32269;95.73201
0.108;0.33844;95.84002
0.11;0.35457;95.94803
0.112;0.37109;96.05605
0.114;0.38799;96.16408
0.116;0.40527;96.2721
0.118;0.42294;96.38013
0.12;0.44099;96.48817
0.122;0.45942;96.59621
0.124;0.47824;96.70426
0.126;0.49745;96.81231
0.128;0.51704;96.92037
0.13;0.53702;97.02844
0.132;0.55739;97.13651
0.134;0.57814;97.24459
0.136;0.59928;97.35267
0.138;0.62081;97.46076
0.14;0.64272;97.56886
0.142;0.66503;97.67697
0.144;0.68773;97.78508
0.146;0.71081;97.89321
0.148;0.73429;98.00134
0.15;0.75815;98.10948
0.152;0.78241;98.17437
0.154;0.80706;98.19581
0.156;0.8321;98.21723
0.158;0.85753;98.23856
0.16;0.88335;98.25988
0.162;0.90957;98.2812
0.164;0.93617;98.3025
0.166;0.96317;98.32379
0.168;0.99056;98.34508
0.17;1.01834;98.36635
0.172;1.04651;98.38761
0.174;1.07508;98.40886
0.176;1.10404;98.4301
0.178;1.13339;98.45133
0.18;1.16313;98.47255
0.182;1.19326;98.49375
0.184;1.22379;98.51494
0.186;1.25471;98.53612
0.188;1.28602;98.55729
0.19;1.31773;98.57845
0.192;1.34982;98.59959
0.194;1.38232;98.62072
0.196;1.4152;98.64183
0.198;1.44848;98.66293
0.2;1.48215;98.68402
0.202;1.51621;98.68233
0.204;1.55067;98.65788
0.206;1.58551;98.63341
0.208;1.62076;98.60891
0.21;1.65639;98.5844
0.212;1.69242;98.55987
0.214;1.72884;98.53531
0.216;1.76565;98.51073
0.218;1.80286;98.48613
0.22;1.84046;98.46151
0.222;1.87845;98.43687
0.224;1.91683;98.4122
0.226;1.95561;98.38751
0.228;1.99477;98.3628
0.23;2.03433;98.33806
0.232;2.07428;98.3133
0.234;2.11462;98.28852
0.236;2.15536;98.26372
0.238;2.19648;98.2389
0.24;2.238;98.21405
0.242;2.27991;98.18917
0.244;2.32221;98.16428
0.246;2.3649;98.13936
0.248;2.40798;98.11442
0.25;2.45145;98.08945
0.252;2.49531;98.06442
0.254;2.53957;98.03936
0.256;2.58421;98.01427
0.258;2.62924;97.98917
0.26;2.67467;97.96404
0.262;2.72048;97.93888
0.264;2.76669;97.9137
0.266;2.81329;97.88849
0.268;2.86027;97.86326
0.27;2.90765;97.83801
0.272;2.95541;97.81273
0.274;3.00357;97.78743
0.276;3.05211;97.7621
0.278;3.10105;97.73675
0.28;3.15037;97.71137
0.282;3.20008;97.68597
0.284;3.25018;97.66054
0.286;3.30067;97.63509
0.288;3.35155;97.60961
0.29;3.40282;97.58411
0.292;3.45448;97.55858
0.294;3.50653;97.53303
0.296;3.55896;97.50746
0.298;3.61179;97.48186
0.3;3.665;97.45623
0.302;3.7186;97.42763
0.304;3.77259;97.39615
0.306;3.82696;97.36465
0.308;3.88173;97.33312
0.31;3.93688;97.30157
0.312;3.99242;97.26999
0.315;4.07645;97.24941
0.3195;4.20414;97.19327
0.32625;4.39933;97.10875
0.33625;4.69659;96.98204
0.34625;5.00348;96.82195
0.35625;5.31999;96.66076
0.36625;5.6461;96.49861
0.37625;5.9818;96.33563
0.38625;6.32708;96.17185
0.39625;6.68192;96.00725
0.40625;7.0463;95.84187
0.41625;7.42021;95.67571
0.42625;7.80364;95.50875
0.43625;8.19657;95.34102
0.44625;8.59899;95.17253
0.45625;9.01088;95.00315
0.46625;9.43223;94.83299
0.47625;9.86302;94.66216
0.48625;10.30324;94.49066
0.49625;10.75288;94.31852
0.50625;11.21193;94.14945
0.51625;11.68036;93.99975
0.52625;12.15816;93.85143
0.53625;12.64533;93.70247
0.54625;13.14186;93.55287
0.55625;13.64772;93.40278
0.56625;14.16291;93.25227
0.57625;14.68741;93.10129
0.58625;15.22121;92.94986
0.59625;15.76429;92.798
0.60625;16.31665;92.64575
0.61625;16.87826;92.49311
0.62625;17.44911;92.34008
0.63625;18.02918;92.18666
0.64625;18.61847;92.03285
0.65625;19.21695;91.87844
0.66625;19.82461;91.72352
0.67625;20.44142;91.56823
0.68625;21.06739;91.41253
0.69625;21.70248;91.25641
0.70625;22.34668;91.09986
0.71625;22.99998;90.94279
0.72625;23.66236;90.78513
0.73625;24.33379;90.62682
0.74625;25.01427;90.4678
0.75625;25.70378;90.30802
0.76625;26.40231;90.14741
0.77625;27.10983;89.98598
0.78625;27.82633;89.82373
0.79625;28.55179;89.66069
0.80625;29.28621;89.49694
0.81625;30.02956;89.33251
0.82625;30.78183;89.16744
0.83625;31.54301;89.00181
0.84625;32.31307;88.83567
0.85625;33.09201;88.6691
0.86625;33.87981;88.50217
0.87625;34.67644;88.33493
0.88625;35.48191;88.16743
0.89625;36.29617;87.99971
0.90625;37.11923;87.83178
0.91625;37.95107;87.66364
0.92625;38.79165;87.4953
0.93625;39.64098;87.32669
0.94625;40.49902;87.15774
0.95625;41.36576;86.98831
0.96625;42.24119;86.81827
0.97625;43.12527;86.64747
0.98625;44.018;86.47579
0.99625;44.91936;86.30309
1.00625;45.82933;86.1196
1.01625;46.74788;85.90721
1.02625;47.675;85.69113
1.03625;48.61067;85.47387
1.04625;49.55486;85.25552
1.05625;50.50756;85.03597
1.06625;51.46874;84.81554
1.07625;52.43839;84.59462
1.08625;53.41648;84.37341
1.09625;54.40299;84.15212
1.10625;55.39791;83.93086
1.11625;56.40121;83.70986
1.12625;57.41287;83.48929
1.13625;58.43286;83.26918
1.14625;59.46117;83.04944
1.15625;60.49778;82.82959
1.16625;61.54266;82.60926
1.17625;62.59578;82.38825
1.18625;63.65713;82.16627
1.19625;64.72668;81.94305
1.20625;65.80441;81.71853
1.21625;66.8903;81.49262
1.22625;67.98432;81.26529
1.23625;69.08646;81.03674
1.24625;70.19668;80.80726
1.25625;71.31497;80.5772
1.26625;72.44132;80.34704
1.27625;73.57568;80.11723
1.28625;74.71804;79.88809
1.29625;75.86839;79.65981
1.30625;77.02668;79.43286
1.31625;78.19291;79.20751
1.32625;79.36704;78.98334
1.33625;80.54905;78.75973
1.34625;81.73892;78.53582
1.35625;82.93661;78.3099
1.36625;84.14212;78.08124
1.37625;85.3554;77.8497
1.38625;86.57644;77.61506
1.39625;87.80522;77.37745
1.40625;89.04171;77.13668
1.41625;90.28589;76.89415
1.42625;91.53773;76.65146
1.43625;92.79723;76.40968
1.44625;94.06436;76.16967
1.45625;95.33909;75.93192
1.46625;96.6214;75.69692
1.47625;97.91127;75.46451
1.48625;99.20867;75.23391
1.49625;100.51359;75.0039
1.50625;101.82599;74.77228
1.51625;103.14585;74.54536
1.52625;104.47316;74.31592
1.53624;105.80589;74.08286
1.54624;107.14799;73.84615
1.55624;108.49746;73.60405
1.56624;109.85428;73.36086
1.57624;111.21843;73.12048
1.58624;112.58987;72.88442
1.59624;113.9686;72.65334
1.60624;115.35457;72.42547
1.61624;116.74778;72.19871
1.62624;118.14819;71.97229
1.63624;119.55577;71.74467
1.64624;120.97051;71.5144
1.65624;122.39238;71.28138
1.66624;123.82135;71.04466
1.67624;125.25741;70.80372
1.68624;126.70052;70.5593
1.69624;128.15067;70.31283
1.70624;129.60783;70.06499
1.71624;131.07199;69.81909
1.72624;132.54311;69.5774
1.73624;134.02118;69.34037
1.74624;135.50617;69.10754
1.75624;136.99807;68.87623
1.76624;138.49684;68.64402
1.77624;140.00246;68.40952
1.78624;141.5149;68.17138
1.79624;143.03416;67.92901
1.80624;144.56019;67.68265
1.81624;146.09297;67.4338
1.82624;147.63249;67.18453
1.83624;149.17871;66.9369
1.84624;150.73162;66.69254
1.85624;152.29119;66.45235
1.86624;153.85739;66.21642
1.87624;155.4302;65.98348
1.88624;157.00959;65.75138
1.89624;158.59553;65.51754
1.90624;160.18801;65.27837
1.91624;161.78699;65.03305
1.92624;163.39246;64.78257
1.93624;165.00438;64.52847
1.94624;166.62274;64.27315
1.95624;168.24751;64.01945
1.96624;169.87867;63.76896
1.97624;171.51619;63.52254
1.98624;173.16006;63.2802
1.99624;174.81024;63.04083
2.00624;176.46672;62.80442
2.01624;178.12947;62.57635
2.02624;179.79846;62.34579
2.03624;181.47367;62.10955
2.04624;183.15508;61.867
2.05624;184.84266;61.61376
2.06624;186.53639;61.36048
2.07624;188.23625;61.11608
2.08624;189.9422;60.8825
2.09624;191.65424;60.65865
2.10624;193.37232;60.43421
2.11624;195.09644;60.20337
2.12624;196.82655;59.96626
2.13624;198.56264;59.72213
2.14624;200.30468;59.47221
2.15624;202.05265;59.22088
2.16624;203.80653;58.96997
2.17624;205.56629;58.72143
2.18624;207.33192;58.47743
2.19624;209.10338;58.23864
2.20624;210.88065;58.00474
2.21624;212.66372;57.77372
2.22624;214.45255;57.54181
2.23624;216.24712;57.30566
2.24624;218.04741;57.06337
2.25624;219.85339;56.81551
2.26624;221.66504;56.564
2.27624;223.48233;56.31203
2.28624;225.30525;56.0632
2.29624;227.13376;55.82
2.30624;228.96784;55.58223
2.31624;230.80747;55.34757
2.32624;232.65262;55.11361
2.33624;234.50327;54.87749
2.34624;236.35939;54.63697
2.35624;238.22096;54.3933
2.36624;240.08794;54.14585
2.37624;241.96033;53.89487
2.38624;243.83809;53.64299
2.39624;245.72121;53.39304
2.40624;247.60965;53.14698
2.41624;249.5034;52.9071
2.42624;251.40242;52.67196
2.43624;253.30671;52.43781
2.44624;255.21622;52.2006
2.45624;257.13094;51.95231
2.46624;259.05085;51.69754
2.47624;260.97592;51.44415
2.48624;262.90612;51.19625
2.49624;264.84143;50.95574
2.50624;266.78182;50.72478
2.51624;268.72727;50.51476
2.52624;270.67777;50.30453
2.53624;272.63327;50.08836
2.54624;274.59377;49.8646
2.55624;276.55924;49.63263
2.56624;278.52966;49.39853
2.57624;280.505;49.16874
2.58624;282.48525;48.94637
2.59624;284.47039;48.73146
2.60624;286.4604;48.52185
2.61624;288.45524;48.31286
2.62624;290.45491;48.09886
2.63624;292.45937;47.87676
2.64624;294.46861;47.64719
2.65624;296.4826;47.41289
2.66624;298.50133;47.18188
2.67624;300.52476;46.95998
2.68624;302.55288;46.74805
2.69624;304.58567;46.54262
2.70624;306.62309;46.33551
2.71624;308.66514;46.12069
2.72624;310.71177;45.89639
2.73624;312.76298;45.66417
2.74624;314.81875;45.42889
2.75624;316.87904;45.19818
2.76624;318.94384;44.9724
2.77624;321.01314;44.75159
2.78624;323.08689;44.53518
2.79624;325.1651;44.3207
2.80624;327.24772;44.10718
2.81624;329.33474;43.89136
2.82624;331.42615;43.66977
2.83624;333.52191;43.44284
2.84624;335.622;43.21371
2.85624;337.72641;42.98713
2.86624;339.8351;42.76461
2.87624;341.94806;42.54666
2.88624;344.06527;42.33228
2.89624;346.1867;42.11874
2.90624;348.31233;41.90359
2.91624;350.44214;41.68436
2.92624;352.5761;41.46016
2.93624;354.7142;41.23279
2.94624;356.85641;41.00547
2.95624;359.0027;40.66579
2.96624;361.15303;39.89486
2.97624;363.3073;39.08528
2.98624;365.46545;38.27755
2.99624;367.62738;37.46969
3.00624;369.79301;36.44704
3.01624;371.96219;34.62062
3.02624;374.13475;32.71671
3.03624;376.31048;30.81466
3.04624;378.4892;28.9168
3.05624;380.67072;27.02361
3.06624;382.85485;25.13352
3.07624;385.0414;23.24567
3.08624;387.23017;21.35879
3.09624;389.42099;19.47189
3.10624;391.61367;17.74195
3.11624;393.80806;16.59326
3.12624;396.00406;15.49804
3.13624;398.20154;14.3996
3.14624;400.40042;13.29939
3.15624;402.60056;12.19757
3.16624;404.80188;11.11626
3.17624;407.00425;10.0598
3.18624;409.20757;9.0144
3.19624;411.41172;7.95922
3.20624;413.61661;6.8531
3.21624;415.82212;5.7138
3.22624;418.02814;4.59125
3.23624;420.23457;3.53641
3.24624;422.4413;2.61235
3.25624;424.64821;1.89795
3.26624;426.8552;1.54171
3.27624;429.06217;1.70089
3.28624;431.26899;2.27635
3.29624;433.47558;3.0893
3.30624;435.68182;3.95019
3.31624;437.88763;4.55298
3.32624;440.09296;5.179
3.33624;442.29775;5.81905
3.34624;444.50194;6.43715
3.35624;446.70546;7.03851
3.36624;448.90827;7.60991
3.37624;451.1103;8.14829
3.38624;453.31149;8.67764
3.39624;455.51179;9.22321
3.40624;457.71114;9.80279
3.41624;459.90948;10.43192
3.42624;462.10676;11.07987
3.43624;464.3029;11.70721
3.44624;466.49786;12.28951
3.45624;468.69158;12.79801
3.46624;470.88399;13.29427
3.47624;473.07505;13.83211
3.48624;475.2647;14.41909
3.49624;477.45288;15.03729
3.50624;479.63953;15.57211
3.51624;481.82462;15.82391
3.52624;484.00813;16.02917
3.53624;486.19003;16.22673
3.54624;488.37029;16.43428
3.55624;490.5489;16.66301
3.56624;492.72583;16.91131
3.57624;494.90106;17.16899
3.58624;497.07456;17.42167
3.59624;499.24631;17.65802
3.60624;501.41628;17.92749
3.61624;503.58444;18.39791
3.62624;505.75074;18.89234
3.63624;507.91511;19.39962
3.64624;510.07752;19.92148
3.65624;512.23792;20.45037
3.66624;514.39624;20.9766
3.67624;516.55244;21.49479
3.68624;518.70647;22.00358
3.69624;520.85827;22.50634
3.70624;523.0078;22.9202
3.71624;525.15504;23.00807
3.72624;527.29997;23.07365
3.73624;529.44258;23.14619
3.74624;531.58288;23.21943
3.75624;533.72086;23.28926
3.76624;535.8565;23.35075
3.77624;537.9898;23.40185
3.78624;540.12077;23.44646
3.79624;542.24938;23.49114
3.80624;544.37564;23.5412
3.81624;546.49954;23.60454
3.82624;548.62108;23.67856
3.83624;550.74024;23.7543
3.84624;552.85703;23.82274
3.85624;554.97144;23.87039
3.86624;557.08347;23.90936
3.87624;559.19309;23.95568
3.88624;561.30032;24.01561
3.89624;563.40515;24.08855
3.9;564.19695;24.14866
3.90565;565.38402;24.15246
3.91412;567.16318;24.12741
3.92412;569.26128;24.09025
3.93412;571.35697;24.04485
3.94412;573.45026;23.99461
3.95412;575.54115;23.94468
3.96412;577.62965;23.90041
3.97412;579.71575;23.86437
3.98412;581.79947;23.83469
3.99412;583.88081;23.80684
4.00412;585.95977;23.77631
4.01412;588.03635;23.74021
4.02412;590.11056;23.69777
4.03412;592.18241;23.65191
4.04412;594.25189;23.60721
4.05412;596.31902;23.56772
4.06412;598.38378;23.53468
4.07412;600.4462;23.50665
4.08412;602.50626;23.48016
4.09412;604.56398;23.45112
4.10412;606.61935;23.41902
4.11412;608.67238;23.38367
4.12412;610.72308;23.34203
4.13412;612.77144;23.29664
4.14412;614.81747;23.25152
4.15412;616.86118;23.21028
4.16412;618.90257;23.17473
4.17412;620.94164;23.14411
4.18412;622.9784;23.11565
4.19412;625.01285;23.08594
4.20412;627.04499;23.0549
4.21412;629.07483;23.02247
4.22412;631.10237;22.98471
4.23412;633.12761;22.94324
4.24412;635.15056;22.90143
4.25412;637.17122;22.86273
4.26412;639.18959;22.83047
4.27412;641.20569;22.80472
4.28412;643.2195;22.78212
4.29412;645.23103;22.75804
4.30412;647.24029;22.73274
4.31412;649.24728;22.70594
4.32412;651.25201;22.67004
4.33412;653.25446;22.62611
4.34412;655.25466;22.57847
4.35412;657.2526;22.53114
4.36412;659.24829;22.4931
4.37412;661.24173;22.46891
4.38412;663.23292;22.45337
4.39412;665.22187;22.43806
4.40412;667.20858;22.41345
4.41412;669.19306;22.37529
4.42412;671.1753;22.32832
4.43412;673.15532;22.27905
4.44412;675.1331;22.23479
4.45412;677.10867;22.20046
4.46412;679.08201;22.17584
4.47412;681.05314;22.15755
4.48412;683.02206;22.14007
4.49412;684.98876;22.1177
4.50412;686.95325;22.08587
4.51412;688.91554;22.04453
4.52412;690.87562;21.99902
4.53412;692.83351;21.95467
4.54412;694.7892;21.91598
4.55412;696.7427;21.88437
4.56412;698.69401;21.85564
4.57412;700.64314;21.82776
4.58412;702.59008;21.79923
4.59412;704.53485;21.76899
4.60412;706.47744;21.73862
4.61412;708.41786;21.70881
4.62412;710.35611;21.67689
4.63412;712.29219;21.64347
4.64412;714.2261;21.60988
4.65412;716.15786;21.57771
4.66412;718.08746;21.54709
4.67412;720.01491;21.5177
4.68412;721.9402;21.48937
4.69412;723.86334;21.4616
4.70412;725.78434;21.43517
4.71412;727.7032;21.41077
4.72412;729.61991;21.38508
4.73412;731.53449;21.35666
4.74412;733.44693;21.32519
4.75412;735.35724;21.29012
4.76412;737.26542;21.25412
4.77412;739.17148;21.22155
4.78412;741.07542;21.19314
4.79412;742.97723;21.16805
4.80412;744.87693;21.14391
4.81412;746.77452;21.11809
4.82412;748.67;21.08975
4.83412;750.56336;21.0588
4.84412;752.45463;21.02623
4.85412;754.34379;20.9944
4.86412;756.23086;20.96398
4.87412;758.11583;20.93451
4.88412;759.9987;20.90654
4.89412;761.87948;20.88013
4.90412;763.75818;20.85495
4.91412;765.63479;20.83035
4.92412;767.50932;20.80511
4.93412;769.38177;20.77839
4.94412;771.25214;20.74987
4.95412;773.12044;20.72014
4.96412;774.98666;20.68988
4.97412;776.85082;20.65951
4.98412;778.71291;20.62982
4.99412;780.57293;20.60134
5.00412;782.4309;20.57411
5.01412;784.28681;20.54753
5.02412;786.14066;20.52115
5.03412;787.99247;20.49458
5.04412;789.84222;20.46761
5.05412;791.68993;20.43941
5.06412;793.5356;20.4123
5.07412;795.37922;20.38868
5.08412;797.2208;20.36766
5.09412;799.06035;20.34743
5.10412;800.89787;20.32286
5.11412;802.73335;20.29192
5.12412;804.5668;20.26016
5.13412;806.39823;20.22926
5.14412;808.22764;20.20044
5.15412;810.05502;20.17425
5.16412;811.88039;20.1509
5.17412;813.70375;20.12913
5.18412;815.52509;20.10713
5.19412;817.34442;20.08335
5.20412;819.16175;20.05484
5.21412;820.97707;20.02298
5.22412;822.79039;19.99362
5.23412;824.60172;19.96824
5.24412;826.41104;19.94694
5.25412;828.21837;19.92684
5.26412;830.02371;19.90423
5.27412;831.82706;19.87987
5.28412;833.62842;19.85357
5.29412;835.4278;19.8257
5.30412;837.22519;19.798
5.31412;839.02061;19.77104
5.32412;840.81404;19.74397
5.33412;842.60551;19.71733
5.34412;844.395;19.69152
5.35412;846.18252;19.66669
5.36412;847.96808;19.64281
5.37412;849.75167;19.61947
5.38412;851.5333;19.59614
5.39412;853.31297;19.57235
5.40412;855.09069;19.54775
5.41412;856.86645;19.52243
5.42412;858.64026;19.49698
5.43412;860.41212;19.47187
5.44412;862.18203;19.44749
5.45412;863.95;19.42351
5.46412;865.71602;19.40011
5.47412;867.48011;19.37784
5.48412;869.24226;19.35602
5.49412;871.00247;19.33387
5.50412;872.76075;19.30953
5.51412;874.5171;19.28322
5.52412;876.27152;19.25793
5.53412;878.02402;19.23439
5.54412;879.77459;19.21276
5.55412;881.52325;19.19453
5.56412;883.26998;19.1824
5.57412;885.0148;19.17191
5.58412;886.7577;19.15919
5.59412;888.49868;19.14118
5.60412;890.23776;19.1159
5.61412;891.97493;19.08398
5.62412;893.71019;19.04892
5.63412;895.44354;19.0142
5.64412;897.175;18.98297
5.65412;898.90456;18.95719
5.66412;900.63222;18.93842
5.67412;902.35799;18.92527
5.68412;904.08187;18.91423
5.69412;905.80386;18.90137
5.70412;907.52396;18.88715
5.71412;909.24218;18.87156
5.72412;910.95852;18.84813
5.73412;912.67298;18.81733
5.74412;914.38556;18.78198
5.75412;916.09626;18.74505
5.76412;917.80509;18.7128
5.77412;919.51205;18.69091
5.78412;921.21714;18.67927
5.79412;922.92037;18.67484
5.80412;924.62173;18.67561
5.81412;926.32122;18.67877
5.82412;928.01885;18.67403
5.83412;929.71462;18.65662
5.84412;931.40853;18.62558
5.85412;933.10059;18.58021
5.86412;934.79079;18.5281
5.87412;936.47914;18.48336
5.88412;938.16565;18.45162
5.89412;939.85031;18.43443
5.90412;941.53312;18.42978
5.91412;943.2141;18.43274
5.92412;944.89323;18.43514
5.93412;946.57053;18.4297
5.94412;948.246;18.41184
5.95412;949.91963;18.37251
5.96412;951.59143;18.31822
5.97412;953.26141;18.27197
5.98412;954.92956;18.24093
5.99412;956.59588;18.22755
6.00412;958.26039;18.22381
6.01412;959.92307;18.21533
6.02412;961.58393;18.20334
6.03412;963.24298;18.18569
6.04412;964.90021;18.16175
6.05412;966.55563;18.13632
6.06412;968.20923;18.11144
6.07412;969.86103;18.08289
6.08412;971.51102;18.05278
6.09412;973.15921;18.02359
6.10412;974.80559;17.99638
6.11412;976.45018;17.97824
6.12412;978.09296;17.97174
6.13412;979.73395;17.97222
6.14412;981.37315;17.97328
6.15412;983.01056;17.96015
6.16412;984.64618;17.9269
6.17412;986.28001;17.88905
6.18412;987.91205;17.85187
6.19412;989.54232;17.8202
6.20412;991.1708;17.79713
6.21412;992.7975;17.77955
6.22412;994.42242;17.76546
6.23412;996.04557;17.75346
6.24412;997.66694;17.74168
6.25412;999.28654;17.72823
6.26412;1000.90437;17.71171
6.27412;1002.52043;17.6915
6.28412;1004.13472;17.66789
6.29412;1005.74724;17.64205
6.30412;1007.35801;17.61552
6.31412;1008.96701;17.59006
6.32412;1010.57425;17.56713
6.33412;1012.17974;17.54733
6.34412;1013.78347;17.53043
6.35412;1015.38545;17.51535
6.36412;1016.98568;17.50046
6.37412;1018.58416;17.48472
6.38412;1020.18089;17.46726
6.39412;1021.77588;17.44775
6.40412;1023.36912;17.42578
6.41412;1024.96063;17.40252
6.42412;1026.55039;17.38056
6.43412;1028.13842;17.36096
6.44412;1029.72471;17.34418
6.45412;1031.30927;17.32916
6.46412;1032.89209;17.31386
6.47412;1034.47319;17.2983
6.48412;1036.05255;17.28196
6.49412;1037.63018;17.26445
6.50412;1039.20609;17.24714
6.51412;1040.78028;17.23058
6.52412;1042.35274;17.21253
6.53412;1043.92349;17.19302
6.54412;1045.49251;17.17238
6.55412;1047.05982;17.15098
6.56412;1048.62541;17.12959
6.57412;1050.18929;17.1092
6.58412;1051.75145;17.09018
6.59412;1053.31191;17.07253
6.60412;1054.87067;17.05578
6.61412;1056.42771;17.0391
6.62412;1057.98306;17.02225
6.63412;1059.5367;17.00501
6.64412;1061.08864;16.98729
6.65412;1062.63888;16.96909
6.66412;1064.18743;16.95068
6.67412;1065.73428;16.93254
6.68412;1067.27944;16.91495
6.69412;1068.82291;16.8981
6.70412;1070.36469;16.88154
6.71412;1071.90478;16.86459
6.72412;1073.44319;16.84761
6.73412;1074.97991;16.8306
6.74412;1076.51494;16.81355
6.75412;1078.0483;16.79656
6.76412;1079.57997;16.77966
6.77412;1081.10997;16.76273
6.78412;1082.63829;16.74575
6.79412;1084.16494;16.72876
6.80412;1085.68991;16.71218
6.81412;1087.21322;16.69628
6.82412;1088.73485;16.68044
6.83412;1090.25481;16.66449
6.84412;1091.77311;16.64832
6.85412;1093.28975;16.63107
6.86412;1094.80472;16.61284
6.87412;1096.31803;16.59505
6.88412;1097.82968;16.57785
6.89412;1099.33967;16.56127
6.90412;1100.848;16.54546
6.91412;1102.35469;16.53112
6.92412;1103.85972;16.51754
6.93412;1105.36309;16.5039
6.94412;1106.86482;16.48947
6.95412;1108.36491;16.47092
6.96412;1109.86334;16.44951
6.97412;1111.36013;16.43137
6.98412;1112.85528;16.41714
6.99412;1114.34879;16.40657
7.00412;1115.84066;16.39728
7.01412;1117.33089;16.3863
7.02412;1118.81948;16.37398
7.03412;1120.30643;16.35965
7.04412;1121.79175;16.34303
7.05412;1123.27543;16.32463
7.06412;1124.75749;16.30503
7.07412;1126.23791;16.28453
7.08412;1127.71671;16.26402
7.09412;1129.19388;16.24435
7.10412;1130.66943;16.22598
7.11412;1132.14335;16.20978
7.12412;1133.61565;16.19606
7.13412;1135.08634;16.1841
7.14412;1136.5554;16.17288
7.15412;1138.02285;16.15956
7.16412;1139.48869;16.1426
7.17412;1140.95291;16.12463
7.18412;1142.41552;16.10631
7.19412;1143.87653;16.08839
7.20412;1145.33592;16.07226
7.21412;1146.7937;16.05757
7.22412;1148.24989;16.04275
7.23412;1149.70446;16.0277
7.24412;1151.15744;16.0124
7.25412;1152.60881;15.99684
7.26412;1154.05858;15.98118
7.27412;1155.50676;15.96577
7.28412;1156.95334;15.95077
7.29412;1158.39833;15.93628
7.30412;1159.84172;15.92302
7.31412;1161.28352;15.91269
7.32412;1162.72372;15.90416
7.33412;1164.16234;15.89626
7.34412;1165.59937;15.8877
7.35412;1167.03481;15.87508
7.36412;1168.46867;15.85703
7.37412;1169.90094;15.83725
7.38412;1171.33163;15.81674
7.39412;1172.76074;15.79653
7.40412;1174.18826;15.77821
7.41412;1175.61421;15.76168
7.42412;1177.03859;15.74583
7.43412;1178.46139;15.73077
7.44412;1179.88261;15.71645
7.45412;1181.30227;15.7031
7.46412;1182.72035;15.69146
7.47412;1184.13687;15.68063
7.48412;1185.55182;15.66972
7.49412;1186.96521;15.65794
7.50412;1188.37703;15.64289
7.51412;1189.78728;15.62444
7.52412;1191.19598;15.60628
7.53412;1192.60312;15.58935
7.54412;1194.0087;15.57434
7.55412;1195.41272;15.56092
7.56412;1196.81518;15.54739
7.57412;1198.21609;15.53394
7.58412;1199.61545;15.52055
7.59412;1201.01325;15.50714
7.60412;1202.40951;15.49424
7.61412;1203.80421;15.48229
7.62412;1205.19737;15.47034
7.63412;1206.58897;15.45812
7.64412;1207.97904;15.44539
7.65412;1209.36756;15.43174
7.66412;1210.75453;15.41705
7.67412;1212.13997;15.40191
7.68412;1213.52387;15.38654
7.69412;1214.90622;15.3712
7.70412;1216.28704;15.35539
7.71412;1217.66633;15.34054
7.72412;1219.04408;15.32819
7.73412;1220.42029;15.31777
7.74412;1221.79498;15.30838
7.75412;1223.16814;15.29444
7.76412;1224.53977;15.27564
7.77412;1225.90987;15.26022
7.78412;1227.27845;15.24881
7.79412;1228.6455;15.24125
7.80412;1230.01103;15.23274
7.81412;1231.37503;15.21878
7.82412;1232.73752;15.2041
7.83412;1234.09848;15.18896
7.84412;1235.45793;15.17367
7.85412;1236.81585;15.15821
7.86412;1238.17227;15.14305
7.87412;1239.52716;15.12893
7.88412;1240.88055;15.11582
7.89412;1242.23242;15.10353
7.90412;1243.58279;15.09122
7.91412;1244.93164;15.07813
7.92412;1246.27899;15.06491
7.93412;1247.62483;15.05169
7.94412;1248.96917;15.03861
7.95412;1250.312;15.02591
7.96412;1251.65333;15.01462
7.97412;1252.99316;15.00489
7.98412;1254.33149;14.99637
7.99412;1255.66832;14.9885
8.00412;1257.00365;14.97756
8.01412;1258.33749;14.96184
8.02412;1259.66983;14.94587
8.03412;1261.00067;14.93012
8.04412;1262.33002;14.91498
8.05412;1263.65788;14.90167
8.06412;1264.98425;14.89015
8.07412;1266.30913;14.87873
8.08412;1267.63252;14.86728
8.09412;1268.95443;14.85569
8.10412;1270.27485;14.84364
8.11412;1271.59378;14.83099
8.12412;1272.91123;14.8181
8.13412;1274.22721;14.80503
8.14412;1275.5417;14.79187
8.15412;1276.85471;14.7785
8.16412;1278.16624;14.76511
8.17412;1279.4763;14.75217
8.18412;1280.78488;14.73971
8.19412;1282.09199;14.72766
8.20412;1283.39762;14.71627
8.21412;1284.70179;14.70647
8.22412;1286.00448;14.69762
8.23412;1287.30571;14.68896
8.24412;1288.60546;14.6798
8.25412;1289.90376;14.66841
8.26412;1291.20058;14.65423
8.27412;1292.49595;14.63935
8.28412;1293.78985;14.62438
8.29412;1295.08229;14.60997
8.30412;1296.37326;14.59666
8.31412;1297.66278;14.58484
8.32412;1298.95084;14.57466
8.33412;1300.23745;14.566
8.34412;1301.52259;14.5585
8.35412;1302.80629;14.5521
8.36412;1304.08852;14.5466
8.37412;1305.3693;14.54062
8.38412;1306.64863;14.53335
8.39412;1307.92651;14.52421
8.40412;1309.20294;14.51065
8.41412;1310.47792;14.49246
8.42412;1311.75145;14.47382
8.43412;1313.02353;14.45571
8.44412;1314.29416;14.43893
8.45412;1315.56336;14.42418
8.46412;1316.83111;14.41135
8.47412;1318.09742;14.40001
8.48412;1319.36229;14.3899
8.49412;1320.62572;14.38062
8.50412;1321.88771;14.37195
8.51412;1323.14827;14.36368
8.52412;1324.4074;14.3549
8.53412;1325.66509;14.34514
8.54412;1326.92134;14.33414
8.55412;1328.17617;14.32103
8.56412;1329.42957;14.30615
8.57412;1330.68153;14.29153
8.58412;1331.93207;14.27784
8.59412;1333.18118;14.26565
8.60412;1334.42887;14.25513
8.61412;1335.67513;14.24584
8.62412;1336.91996;14.23763
8.63412;1338.16337;14.23021
8.64412;1339.40536;14.22319
8.65412;1340.64593;14.2157
8.66412;1341.88507;14.20704
8.67412;1343.1228;14.19746
8.68412;1344.3591;14.18683
8.69412;1345.59399;14.17515
8.70412;1346.82746;14.16225
8.71412;1348.05951;14.14835
8.72412;1349.29015;14.13424
8.73412;1350.51938;14.1203
8.74412;1351.7472;14.10682
8.75412;1352.9736;14.09571
8.76412;1354.19859;14.08759
8.77412;1355.42218;14.07985
8.78412;1356.64436;14.07219
8.79412;1357.86513;14.06426
8.80412;1359.08449;14.05239
8.81412;1360.30245;14.03621
8.82412;1361.51901;14.02139
8.83412;1362.73417;14.00828
8.84412;1363.94792;13.99697
8.85412;1365.16027;13.98708
8.86412;1366.37123;13.97769
8.87412;1367.58079;13.96852
8.88412;1368.78895;13.95929
8.89412;1369.99572;13.94976
8.90412;1371.20109;13.94036
8.91412;1372.40507;13.93133
8.92412;1373.60766;13.92169
8.93412;1374.80886;13.91133
8.94412;1376.00867;13.90027
8.95412;1377.20709;13.8885
8.96412;1378.40412;13.87633
8.97412;1379.59977;13.86446
8.98412;1380.79403;13.85323
8.99412;1381.98691;13.84293
9.00412;1383.1784;13.83362
9.01412;1384.36851;13.82511
9.02412;1385.55723;13.81734
9.03412;1386.74457;13.81012
9.04412;1387.93054;13.8032
9.05412;1389.11512;13.79756
9.06412;1390.29832;13.79399
9.07412;1391.48015;13.79028
9.08412;1392.66059;13.78573
9.09412;1393.83966;13.77973
9.10412;1395.01735;13.76942
9.11412;1396.19367;13.75404
9.12412;1397.36861;13.73774
9.13412;1398.54218;13.72123
9.14412;1399.71438;13.7052
9.15412;1400.88521;13.69132
9.16412;1402.05467;13.67947
9.17412;1403.22276;13.66788
9.18412;1404.38948;13.65667
9.19412;1405.55484;13.64588
9.20412;1406.71883;13.63555
9.21412;1407.88146;13.62561
9.22412;1409.04273;13.61595
9.23412;1410.20263;13.60648
9.24412;1411.36118;13.59711
9.25412;1412.51836;13.58803
9.26412;1413.67419;13.57961
9.27412;1414.82866;13.57136
9.28412;1415.98178;13.563
9.29412;1417.13354;13.55433
9.30412;1418.28394;13.54401
9.31412;1419.433;13.53224
9.32412;1420.5807;13.5213
9.33412;1421.72704;13.51154
9.34412;1422.87204;13.50312
9.35412;1424.01569;13.49495
9.36412;1425.15798;13.48561
9.37412;1426.29893;13.47625
9.38412;1427.43853;13.46687
9.39412;1428.57679;13.4575
9.40412;1429.7137;13.44835
9.41412;1430.84926;13.43957
9.42412;1431.98348;13.4308
9.43412;1433.11636;13.42203
9.44412;1434.24789;13.41322
9.45412;1435.37808;13.40383
9.46412;1436.50694;13.39375
9.47412;1437.63445;13.3838
9.48412;1438.76062;13.37403
9.49412;1439.88546;13.36443
9.50412;1441.00896;13.35521
9.51412;1442.13113;13.34636
9.52412;1443.25196;13.3376
9.53412;1444.37146;13.32893
9.54412;1445.48962;13.32033
9.55412;1446.60646;13.31327
9.56412;1447.72196;13.31017
9.57412;1448.83613;13.30931
9.58412;1449.94897;13.30989
9.59412;1451.06048;13.31095
9.60412;1452.17066;13.30913
9.61412;1453.27951;13.30221
9.62412;1454.38703;13.293
9.63412;1455.49323;13.2816
9.64412;1456.5981;13.26828
9.65412;1457.70164;13.25026
9.66412;1458.80386;13.22893
9.67412;1459.90476;13.21076
9.68412;1461.00434;13.19646
9.69412;1462.1026;13.18625
9.70412;1463.19954;13.1796
9.71412;1464.29516;13.17494
9.72412;1465.38947;13.17164
9.73412;1466.48246;13.16888
9.74412;1467.57413;13.16582
9.75412;1468.6645;13.16052
9.76412;1469.75355;13.15188
9.77412;1470.84128;13.14152
9.78412;1471.92771;13.12973
9.79412;1473.01282;13.11695
9.80412;1474.09663;13.10524
9.81412;1475.17912;13.09507
9.82412;1476.26031;13.08432
9.83412;1477.34019;13.07328
9.84412;1478.41877;13.0623
9.85412;1479.49604;13.05182
9.86412;1480.572;13.04203
9.87412;1481.64666;13.03295
9.88412;1482.72002;13.02472
9.89412;1483.79208;13.01738
9.90412;1484.86283;13.01147
9.91412;1485.93228;13.00793
9.92412;1487.00043;13.00591
9.93412;1488.06729;13.00481
9.94412;1489.13284;13.00393
9.95412;1490.19709;13.00095
9.96412;1491.26005;12.99435
9.97412;1492.3217;12.9861
9.98412;1493.38206;12.97626
9.99412;1494.44113;12.965
10.00412;1495.49889;12.95353
10.01412;1496.55537;12.94235
10.02412;1497.61055;12.93041
10.03412;1498.66444;12.91807
10.04412;1499.71704;12.90568
10.05412;1500.76834;12.89401
10.06412;1501.81836;12.88325
10.07412;1502.86709;12.87288
10.08412;1503.91453;12.86304
10.09412;1504.96069;12.85383
10.10412;1506.00556;12.84516
10.11412;1507.04915;12.83778
10.12412;1508.09145;12.83191
10.13412;1509.13247;12.82717
10.14412;1510.17221;12.82306
10.15412;1511.21067;12.81846
10.16412;1512.24784;12.81246
10.17412;1513.28374;12.80556
10.18412;1514.31836;12.79766
10.19412;1515.3517;12.78879
10.20412;1516.38377;12.77987
10.21412;1517.41456;12.77124
10.22412;1518.44407;12.76189
10.23412;1519.47231;12.75201
10.24412;1520.49928;12.74186
10.25412;1521.52497;12.73126
10.26412;1522.54939;12.72099
10.27412;1523.57254;12.71235
10.28412;1524.59442;12.70554
10.29412;1525.61502;12.70056
10.30412;1526.63436;12.69719
10.31412;1527.65243;12.69506
10.32412;1528.66923;12.69377
10.33412;1529.68476;12.6928
10.34412;1530.69902;12.69158
10.35412;1531.71201;12.68915
10.36412;1532.72374;12.6848
10.37412;1533.7342;12.67886
10.38412;1534.74339;12.67124
10.39412;1535.75132;12.66197
10.40412;1536.75798;12.65012
10.41412;1537.76338;12.63585
10.42412;1538.76752;12.6214
10.43412;1539.77039;12.6073
10.44412;1540.77201;12.59403
10.45412;1541.77236;12.58257
10.46412;1542.77146;12.57276
10.47412;1543.7693;12.56358
10.48412;1544.76588;12.55506
10.49412;1545.76121;12.54717
10.50412;1546.75529;12.53985
10.51412;1547.74811;12.53289
10.52412;1548.73967;12.52615
10.53412;1549.72999;12.51952
10.54412;1550.71905;12.51288
10.55412;1551.70687;12.50599
10.56412;1552.69343;12.49871
10.57412;1553.67874;12.49125
10.58412;1554.66281;12.48366
10.59412;1555.64563;12.476
10.60412;1556.6272;12.46834
10.61412;1557.60752;12.46079
10.62412;1558.5866;12.45344
10.63412;1559.56444;12.44637
10.64412;1560.54103;12.43963
10.65412;1561.51637;12.43342
10.66412;1562.49047;12.42809
10.67412;1563.46333;12.42341
10.68412;1564.43495;12.41923
10.69412;1565.40532;12.41536
10.70412;1566.37446;12.40911
10.71412;1567.34235;12.39939
10.72412;1568.30901;12.38979
10.73412;1569.27442;12.3805
10.74412;1570.2386;12.37162
10.75412;1571.20154;12.36387
10.76412;1572.16324;12.35714
10.77412;1573.12371;12.35041
10.78412;1574.08294;12.34368
10.79412;1575.04094;12.33693
10.80412;1575.9977;12.33011
10.81412;1576.95323;12.32318
10.82412;1577.90753;12.31624
10.83412;1578.8606;12.30928
10.84412;1579.81244;12.30231
10.85412;1580.76304;12.29522
10.86412;1581.71242;12.28802
10.87412;1582.66057;12.28088
10.88412;1583.60749;12.27383
10.89412;1584.55318;12.26686
10.90412;1585.49765;12.25992
10.91412;1586.44089;12.25307
10.92412;1587.3829;12.24636
10.93412;1588.32369;12.23978
10.94412;1589.26326;12.23327
10.95412;1590.2016;12.22693
10.96412;1591.13872;12.22088
10.97412;1592.07462;12.21493
10.98412;1593.0093;12.20897
10.99412;1593.94276;12.20291
11.00412;1594.875;12.19572
11.01412;1595.80602;12.18754
11.02412;1596.73582;12.18015
11.03412;1597.6644;12.17369
11.04412;1598.59177;12.16818
11.05412;1599.51792;12.1632
11.06412;1600.44285;12.15808
11.07412;1601.36657;12.15313
11.08412;1602.28907;12.14826
11.09412;1603.21035;12.14338
11.10412;1604.13043;12.13759
11.11412;1605.04929;12.13047
11.12412;1605.96693;12.12316
11.13412;1606.88337;12.11572
11.14412;1607.79859;12.1082
11.15412;1608.7126;12.10169
11.16412;1609.62541;12.0966
11.17412;1610.537;12.09145
11.18412;1611.44738;12.08616
11.19412;1612.35656;12.08066
11.20412;1613.26453;12.0733
11.21412;1614.17129;12.06387
11.22412;1615.07684;12.05502
11.23412;1615.98119;12.04687
11.24412;1616.88434;12.03947
11.25412;1617.78628;12.03284
11.26412;1618.68701;12.02662
11.27412;1619.58655;12.02059
11.28412;1620.48488;12.0147
11.29412;1621.38201;12.00889
11.30412;1622.27795;12.00276
11.31412;1623.17268;11.99618
11.32412;1624.06621;11.98971
11.33412;1624.95854;11.9834
11.34412;1625.84968;11.9773
11.35412;1626.73961;11.97125
11.36412;1627.62835;11.96507
11.37412;1628.5159;11.95893
11.38412;1629.40224;11.95284
11.39412;1630.2874;11.94677
11.40412;1631.17135;11.9407
11.41412;1632.05412;11.93464
11.42412;1632.93569;11.92863
11.43412;1633.81607;11.92267
11.44412;1634.69525;11.91679
11.45412;1635.57325;11.91078
11.46412;1636.45005;11.9046
11.47412;1637.32566;11.89855
11.48412;1638.20008;11.89259
11.49412;1639.07332;11.88672
11.50412;1639.94536;11.88087
11.51412;1640.81622;11.87501
11.52412;1641.68589;11.86913
11.53412;1642.55437;11.86323
11.54412;1643.42167;11.85729
11.55412;1644.28778;11.8513
11.56412;1645.15271;11.84527
11.57412;1646.01645;11.83926
11.58412;1646.87901;11.83328
11.59412;1647.74038;11.82737
11.60412;1648.60058;11.82158
11.61412;1649.45959;11.81611
11.62412;1650.31742;11.81095
11.63412;1651.17406;11.80611
11.64412;1652.02953;11.80157
11.65412;1652.88382;11.79776
11.66412;1653.73693;11.79514
11.67412;1654.58886;11.79303
11.68412;1655.4396;11.79124
11.69412;1656.28918;11.78955
11.70412;1657.13757;11.7868
11.71412;1657.98478;11.78227
11.72412;1658.83082;11.77715
11.73412;1659.67568;11.77141
11.74412;1660.51936;11.76507
11.75412;1661.36187;11.75923
11.76412;1662.2032;11.75434
11.77412;1663.04336;11.74885
11.78412;1663.88234;11.74277
11.79412;1664.72015;11.73611
11.80412;1665.55679;11.72806
11.81412;1666.39226;11.71857
11.82412;1667.22655;11.70921
11.83412;1668.05967;11.70015
11.84412;1668.89163;11.69156
11.85412;1669.72241;11.68353
11.86412;1670.55203;11.67615
11.87412;1671.38048;11.66948
11.88412;1672.20776;11.6635
11.89412;1673.03387;11.65817
11.90412;1673.85882;11.65346
11.91412;1674.68261;11.64939
11.92412;1675.50523;11.64576
11.93412;1676.32668;11.6424
11.94412;1677.14698;11.63911
11.95412;1677.96611;11.63604
11.96412;1678.78408;11.6333
11.97412;1679.60088;11.63022
11.98412;1680.41653;11.62662
11.99412;1681.23101;11.62237
12.00412;1682.04434;11.61626
12.01412;1682.85651;11.60801
12.02412;1683.66751;11.5995
12.03412;1684.47736;11.59098
12.04412;1685.28605;11.5827
12.05412;1686.09358;11.57514
12.06412;1686.89996;11.56832
12.07412;1687.70518;11.5619
12.08412;1688.50925;11.556
12.09412;1689.31216;11.55069
12.10412;1690.11391;11.54593
12.11412;1690.91451;11.54148
12.12412;1691.71396;11.53739
12.13412;1692.51225;11.53366
12.14412;1693.30939;11.53021
12.15412;1694.10537;11.52751
12.16412;1694.9002;11.52595
12.17412;1695.69389;11.52476
12.18412;1696.48641;11.52377
12.19412;1697.27779;11.52279
12.20412;1698.06801;11.52169
12.21412;1698.85709;11.52034
12.22412;1699.64501;11.51847
12.23412;1700.43178;11.51593
12.24412;1701.2174;11.51261
12.25412;1702.00187;11.50832
12.26412;1702.78519;11.50298
12.27412;1703.56737;11.49679
12.28412;1704.34839;11.48981
12.29412;1705.12827;11.48213
12.30412;1705.90699;11.4724
12.31412;1706.68458;11.46064
12.32412;1707.46101;11.44938
12.33412;1708.23631;11.43887
12.34412;1709.01045;11.42928
12.35412;1709.78346;11.42225
12.36412;1710.55532;11.41768
12.37412;1711.32604;11.41309
12.38412;1712.09562;11.40845
12.39412;1712.86406;11.40377
12.40412;1713.63136;11.39793
12.41412;1714.39752;11.3909
12.42412;1715.16254;11.38441
12.43412;1715.92642;11.37846
12.44412;1716.68917;11.37303
12.45412;1717.45077;11.36811
12.46412;1718.21124;11.36337
12.47412;1718.97058;11.35864
12.48412;1719.72877;11.35392
12.49412;1720.48584;11.34923
12.50412;1721.24177;11.34444
12.51412;1721.99656;11.33963
12.52412;1722.75022;11.33499
12.53412;1723.50275;11.33048
12.54412;1724.25414;11.32607
12.55412;1725.0044;11.32187
12.56412;1725.75353;11.3181
12.57412;1726.50153;11.31446
12.58412;1727.2484;11.31086
12.59412;1727.99414;11.30719
12.60412;1728.73874;11.30297
12.61412;1729.48222;11.29795
12.62412;1730.22457;11.29271
12.63412;1730.9658;11.28728
12.64412;1731.70589;11.28174
12.65412;1732.44486;11.27569
12.66412;1733.1827;11.26949
12.67412;1733.91941;11.26408
12.68412;1734.655;11.25953
12.69412;1735.38946;11.2559
12.70412;1736.1228;11.2525
12.71412;1736.85501;11.24849
12.72412;1737.58609;11.24454
12.73412;1738.31606;11.24063
12.74412;1739.04489;11.23675
12.75412;1739.77261;11.23431
12.76412;1740.4992;11.23473
12.77412;1741.22467;11.23614
12.78412;1741.94901;11.23829
12.79412;1742.67223;11.2409
12.80412;1743.39433;11.24337
12.81412;1744.1153;11.24521
12.82412;1744.83516;11.24649
12.83412;1745.55389;11.24695
12.84412;1746.27149;11.24637
12.85412;1746.98798;11.24248
12.86412;1747.70334;11.23441
12.87412;1748.41759;11.22534
12.88412;1749.13071;11.21547
12.89412;1749.84272;11.20507
12.90412;1750.5536;11.19413
12.91412;1751.26337;11.18292
12.92412;1751.97202;11.17208
12.93412;1752.67955;11.16186
12.94412;1753.38597;11.15248
12.95412;1754.09128;11.14461
12.96412;1754.79547;11.1381
12.97412;1755.49854;11.13209
12.98412;1756.2005;11.1266
12.99412;1756.90135;11.12165
13.00412;1757.60109;11.11727
13.01412;1758.29972;11.11399
13.02412;1758.99723;11.11188
13.03412;1759.69364;11.1108
13.04412;1760.38893;11.11057
13.05412;1761.08311;11.11172
13.06412;1761.77618;11.11477
13.07412;1762.46815;11.1185
13.08412;1763.159;11.12251
13.09412;1763.84874;11.12638
13.10412;1764.53738;11.13093
13.11412;1765.2249;11.13656
13.12412;1765.91132;11.14126
13.13412;1766.59662;11.14459
13.14412;1767.28082;11.14622
13.15412;1767.96391;11.14504
13.16412;1768.64589;11.14055
13.17412;1769.32676;11.13395
13.18412;1770.00652;11.12537
13.19412;1770.68518;11.11503
13.20412;1771.36274;11.10146
13.21412;1772.03918;11.08481
13.22412;1772.71453;11.06834
13.23412;1773.38877;11.05258
13.24412;1774.0619;11.03804
13.25412;1774.73394;11.0251
13.26412;1775.40487;11.01413
13.27412;1776.0747;11.00547
13.28412;1776.74344;10.99926
13.29412;1777.41107;10.99555
13.30412;1778.0776;10.99465
13.31412;1778.74304;10.99739
13.32412;1779.40737;11.0033
13.33412;1780.07061;11.01198
13.34412;1780.73274;11.02291
13.35412;1781.39378;11.03469
13.36412;1782.05371;11.046
13.37412;1782.71255;11.05721
13.38412;1783.37028;11.06772
13.39412;1784.02691;11.07699
13.40412;1784.68244;11.08093
13.41412;1785.33686;11.07749
13.42412;1785.99019;11.07162
13.43412;1786.64241;11.06344
13.44412;1787.29353;11.05316
13.45412;1787.94356;11.04243
13.46412;1788.59248;11.03194
13.47412;1789.2403;11.01995
13.48412;1789.88703;11.00677
13.49412;1790.53266;10.99272
13.50412;1791.17719;10.97993
13.51412;1791.82063;10.96905
13.52412;1792.46298;10.95769
13.53412;1793.10423;10.94609
13.54412;1793.74438;10.9345
13.55412;1794.38345;10.92177
13.56412;1795.02142;10.90828
13.57412;1795.65831;10.89652
13.58412;1796.2941;10.88664
13.59412;1796.9288;10.87875
13.60412;1797.56242;10.87282
13.61412;1798.19495;10.86885
13.62412;1798.8264;10.86678
13.63412;1799.45675;10.86644
13.64412;1800.08602;10.86761
13.65412;1800.71421;10.86945
13.66412;1801.34131;10.87106
13.67412;1801.96733;10.87282
13.68412;1802.59226;10.87448
13.69412;1803.2161;10.8758
13.70412;1803.83886;10.87582
13.71412;1804.46054;10.87395
13.72412;1805.08114;10.87116
13.73412;1805.70065;10.86745
13.74412;1806.31907;10.86283
13.75412;1806.93642;10.85792
13.76412;1807.55268;10.853
13.77412;1808.16785;10.84731
13.78412;1808.78195;10.84093
13.79412;1809.39497;10.83399
13.80412;1810.0069;10.82726
13.81412;1810.61776;10.82101
13.82412;1811.22753;10.81439
13.83412;1811.83623;10.80754
13.84412;1812.44384;10.80056
13.85412;1813.05038;10.79291
13.86412;1813.65584;10.78485
13.87412;1814.26022;10.77771
13.88412;1814.86352;10.7716
13.89412;1815.46575;10.76663
13.90412;1816.0669;10.76274
13.91412;1816.66698;10.75926
13.92412;1817.26598;10.75607
13.93412;1817.8639;10.75315
13.94412;1818.46075;10.7505
13.95412;1819.05652;10.74868
13.96412;1819.65122;10.74834
13.97412;1820.24484;10.74881
13.98412;1820.83739;10.74998
13.99412;1821.42887;10.75173
14.00412;1822.01927;10.75426
14.01412;1822.60859;10.7577
14.02412;1823.19684;10.76139
14.03412;1823.78402;10.76514
14.04412;1824.37012;10.76875
14.05412;1824.95514;10.77176
14.06412;1825.53909;10.77385
14.07412;1826.12197;10.77521
14.08412;1826.70377;10.77571
14.09412;1827.28449;10.77524
14.10412;1827.86414;10.77231
14.11412;1828.44272;10.76635
14.12412;1829.02022;10.75945
14.13412;1829.59665;10.75174
14.14412;1830.172;10.74335
14.15412;1830.74628;10.73538
14.16412;1831.3195;10.72825
14.17412;1831.89164;10.72063
14.18412;1832.46271;10.71263
14.19412;1833.0327;10.70437
14.20412;1833.60164;10.69582
14.21412;1834.1695;10.68705
14.22412;1834.73629;10.67848
14.23412;1835.30202;10.6702
14.24412;1835.86668;10.66234
14.25412;1836.43027;10.65481
14.26412;1836.9928;10.64771
14.27412;1837.55427;10.64135
14.28412;1838.11467;10.63575
14.29412;1838.674;10.63091
14.30412;1839.23228;10.62703
14.31412;1839.78949;10.62377
14.32412;1840.34564;10.6206
14.33412;1840.90072;10.6175
14.34412;1841.45475;10.61447
14.35412;1842.00771;10.61157
14.36412;1842.55961;10.60913
14.37412;1843.11046;10.60713
14.38412;1843.66024;10.60552
14.39412;1844.20896;10.60422
14.40412;1844.75662;10.60308
14.41412;1845.30322;10.60193
14.42412;1845.84876;10.60081
14.43412;1846.39325;10.59964
14.44412;1846.93667;10.59837
14.45412;1847.47904;10.59721
14.46412;1848.02034;10.59626
14.47412;1848.56059;10.59509
14.48412;1849.09978;10.59365
14.49412;1849.63792;10.59188
14.50412;1850.17499;10.5896
14.51412;1850.71101;10.58671
14.52412;1851.24597;10.58343
14.53412;1851.77988;10.57977
14.54412;1852.31272;10.57576
14.55412;1852.84452;10.56907
14.56412;1853.37525;10.55968
14.57412;1853.90494;10.55145
14.58412;1854.43356;10.54451
14.59412;1854.96113;10.53893
14.60412;1855.48765;10.53499
14.61412;1856.01312;10.53184
14.62412;1856.53753;10.52873
14.63412;1857.06089;10.52567
14.64412;1857.5832;10.52264
14.65412;1858.10445;10.51965
14.66412;1858.62465;10.51666
14.67412;1859.14381;10.51366
14.68412;1859.66191;10.51067
14.69412;1860.17895;10.50768
14.70412;1860.69495;10.50471
14.71412;1861.2099;10.50184
14.72412;1861.7238;10.49912
14.73412;1862.23664;10.49653
14.74412;1862.74844;10.49408
14.75412;1863.25919;10.49147
14.76412;1863.76889;10.48849
14.77412;1864.27754;10.4855
14.78412;1864.78514;10.48251
14.79412;1865.29169;10.47952
14.80412;1865.7972;10.47674
14.81412;1866.30166;10.47432
14.82412;1866.80507;10.47195
14.83412;1867.30743;10.46963
14.84412;1867.80875;10.46736
14.85412;1868.30902;10.46494
14.86412;1868.80824;10.46226
14.87412;1869.30642;10.45957
14.88412;1869.80355;10.45685
14.89412;1870.29963;10.45412
14.90412;1870.79467;10.45227
14.91412;1871.28867;10.45196
14.92412;1871.78162;10.452
14.93412;1872.27352;10.45233
14.94412;1872.76438;10.45288
14.95412;1873.2542;10.45141
14.96412;1873.74297;10.44683
14.97412;1874.23069;10.44221
14.98412;1874.71738;10.4376
14.99412;1875.20301;10.43302
15.00412;1875.68761;10.42869
15.01412;1876.17116;10.42469
15.02412;1876.65367;10.42073
15.03412;1877.13514;10.41683
15.04412;1877.61557;10.413
15.05412;1878.09496;10.40879
15.06412;1878.5733;10.40427
15.07412;1879.05061;10.40021
15.08412;1879.52687;10.39659
15.09412;1880.00209;10.3934
15.10412;1880.47628;10.39064
15.11412;1880.94943;10.38804
15.12412;1881.42154;10.38547
15.13412;1881.89261;10.38293
15.14412;1882.36264;10.38044
15.15412;1882.83163;10.37775
15.16412;1883.29959;10.37486
15.17412;1883.76651;10.3721
15.18412;1884.23239;10.36946
15.19412;1884.69723;10.36693
15.20412;1885.16104;10.36436
15.21412;1885.62381;10.36163
15.22412;1886.08555;10.3589
15.23412;1886.54625;10.35615
15.24412;1887.00592;10.35341
15.25412;1887.46455;10.35068
15.26412;1887.92215;10.348
15.27412;1888.37871;10.3454
15.28412;1888.83424;10.3429
15.29412;1889.28873;10.34051
15.30412;1889.74219;10.33831
15.31412;1890.19462;10.33639
15.32412;1890.64601;10.33469
15.33412;1891.09637;10.33321
15.34412;1891.5457;10.33192
15.35412;1891.99399;10.33075
15.36412;1892.44125;10.32962
15.37412;1892.88747;10.32862
15.38412;1893.33267;10.32775
15.39412;1893.77683;10.32697
15.40412;1894.21996;10.32589
15.41412;1894.66205;10.32425
15.42412;1895.10312;10.32257
15.43412;1895.54315;10.32086
15.44412;1895.98215;10.3191
15.45412;1896.42012;10.31671
15.46412;1896.85705;10.31345
15.47412;1897.29296;10.31014
15.48412;1897.72783;10.3068
15.49412;1898.16167;10.30343
15.50412;1898.59449;10.30062
15.51412;1899.02627;10.29861
15.52412;1899.45702;10.29657
15.53412;1899.88675;10.2945
15.54412;1900.31544;10.29238
15.55412;1900.7431;10.29003
15.56412;1901.16974;10.28734
15.57412;1901.59535;10.28461
15.58412;1902.01993;10.28186
15.59412;1902.44348;10.27908
15.60412;1902.866;10.2767
15.61412;1903.2875;10.2749
15.62412;1903.70796;10.27307
15.63412;1904.1274;10.27121
15.64412;1904.54582;10.26933
15.65412;1904.9632;10.26722
15.66412;1905.37956;10.26482
15.67412;1905.7949;10.26238
15.68412;1906.2092;10.25991
15.69412;1906.62248;10.25741
15.70412;1907.03474;10.25553
15.71412;1907.44597;10.25458
15.72412;1907.85617;10.25362
15.73412;1908.26535;10.25263
15.74412;1908.67351;10.25161
15.75412;1909.08064;10.25116
15.76412;1909.48674;10.25159
15.77412;1909.89182;10.25202
15.78412;1910.29587;10.25243
15.79412;1910.6989;10.25279
15.80412;1911.10091;10.25185
15.81412;1911.50189;10.24906
15.82412;1911.90184;10.24614
15.83412;1912.30077;10.2431
15.84412;1912.69868;10.23996
15.85412;1913.09556;10.23701
15.86412;1913.49142;10.23437
15.87412;1913.88626;10.23163
15.88412;1914.28007;10.22879
15.89412;1914.67287;10.22587
15.90412;1915.06464;10.22182
15.91412;1915.45538;10.21641
15.92412;1915.84511;10.21121
15.93412;1916.23381;10.20625
15.94412;1916.6215;10.20156
15.95412;1917.00816;10.19773
15.96412;1917.39381;10.19488
15.97412;1917.77843;10.19208
15.98412;1918.16204;10.18931
15.99412;1918.54463;10.18659
16.00412;1918.92619;10.18378
16.01412;1919.30674;10.18085
16.02412;1919.68628;10.17803
16.03412;1920.06479;10.17533
16.04412;1920.44229;10.17275
16.05412;1920.81877;10.17022
16.06412;1921.19423;10.16775
16.07412;1921.56868;10.16543
16.08412;1921.9421;10.16325
16.09412;1922.31452;10.16121
16.10412;1922.68591;10.1593
16.11412;1923.0563;10.15747
16.12412;1923.42566;10.15566
16.13412;1923.79401;10.15389
16.14412;1924.16135;10.15213
16.15412;1924.52767;10.15057
16.16412;1924.89297;10.14955
16.17412;1925.25726;10.14892
16.18412;1925.62054;10.14864
16.19412;1925.9828;10.14866
16.20412;1926.34404;10.14794
16.21412;1926.70428;10.1458
16.22412;1927.06349;10.14358
16.23412;1927.4217;10.1413
16.24412;1927.77889;10.13897
16.25412;1928.13507;10.13681
16.26412;1928.49023;10.13489
16.27412;1928.84439;10.13292
16.28412;1929.19753;10.13089
16.29412;1929.54965;10.12882
16.30412;1929.90077;10.12673
16.31412;1930.25087;10.12464
16.32412;1930.59996;10.12251
16.33412;1930.94803;10.12035
16.34412;1931.2951;10.11816
16.35412;1931.64115;10.1163
16.36412;1931.9862;10.11491
16.37412;1932.33023;10.1135
16.38412;1932.67325;10.11206
16.39412;1933.01526;10.11059
16.40412;1933.35626;10.10882
16.41412;1933.69625;10.10665
16.42412;1934.03523;10.10444
16.43412;1934.3732;10.1022
16.44412;1934.71016;10.09992
16.45412;1935.04611;10.0978
16.46412;1935.38105;10.09588
16.47412;1935.71498;10.09392
16.48412;1936.0479;10.09191
16.49412;1936.37982;10.08986
16.50412;1936.71072;10.08743
16.51412;1937.04062;10.08462
16.52412;1937.36951;10.08195
16.53412;1937.69739;10.07944
16.54412;1938.02426;10.07711
16.55412;1938.35013;10.07495
16.56412;1938.67499;10.07299
16.57412;1938.99884;10.07121
16.58412;1939.32168;10.06962
16.59412;1939.64352;10.06822
16.60412;1939.96435;10.06678
16.61412;1940.28417;10.06509
16.62412;1940.60299;10.06341
16.63412;1940.9208;10.06175
16.64412;1941.23761;10.0601
16.65412;1941.5534;10.05879
16.66412;1941.8682;10.05806
16.67412;1942.18198;10.05751
16.68412;1942.49476;10.05714
16.69412;1942.80654;10.05693
16.70412;1943.11731;10.05716
16.71412;1943.42707;10.05804
16.72412;1943.73583;10.05919
16.73412;1944.04359;10.06057
16.74412;1944.35033;10.06216
16.75412;1944.65607;10.0642
16.76412;1944.96081;10.06683
16.77412;1945.26454;10.06967
16.78412;1945.56726;10.07268
16.79412;1945.86897;10.07583
16.80412;1946.16968;10.07666
16.81412;1946.46938;10.07397
16.82412;1946.76808;10.07115
16.83412;1947.06577;10.0682
16.84412;1947.36245;10.06513
16.85412;1947.65812;10.06302
16.86412;1947.95279;10.06229
16.87412;1948.24646;10.06145
16.88412;1948.53912;10.06048
16.89412;1948.83077;10.05938
16.90412;1949.12142;10.05708
16.91412;1949.41106;10.05316
16.92412;1949.6997;10.04921
16.93412;1949.98734;10.04524
16.94412;1950.27397;10.04127
16.95412;1950.55959;10.03848
16.96412;1950.84421;10.03729
16.97412;1951.12783;10.03602
16.98412;1951.41045;10.03467
16.99412;1951.69206;10.03325
17.00412;1951.97267;10.03117
17.01412;1952.25228;10.02821
17.02412;1952.53088;10.02523
17.03412;1952.80848;10.02224
17.04412;1953.08509;10.01925
17.05412;1953.36068;10.01726
17.06412;1953.63528;10.01667
17.07412;1953.90888;10.01602
17.08412;1954.18147;10.01531
17.09412;1954.45306;10.01455
17.10412;1954.72366;10.01178
17.11412;1954.99325;10.00644
17.12412;1955.26184;10.00141
17.13412;1955.52943;9.99668
17.14412;1955.79602;9.99229
17.15412;1956.06161;9.98897
17.16412;1956.3262;9.98686
17.17412;1956.5898;9.98479
17.18412;1956.85239;9.98276
17.19412;1957.11399;9.98077
17.20412;1957.37459;9.97866
17.21412;1957.63419;9.9764
17.22412;1957.8928;9.97424
17.23412;1958.1504;9.97218
17.24412;1958.40701;9.9702
17.25412;1958.66263;9.96835
17.26412;1958.91724;9.96662
17.27412;1959.17086;9.96495
17.28412;1959.42348;9.96335
17.29412;1959.67511;9.96182
17.30412;1959.92574;9.96038
17.31412;1960.17537;9.95904
17.32412;1960.42401;9.95773
17.33412;1960.67165;9.95645
17.34412;1960.9183;9.95519
17.35412;1961.16395;9.95396
17.36412;1961.40861;9.95274
17.37412;1961.65227;9.95155
17.38412;1961.89493;9.9504
17.39412;1962.1366;9.94927
17.40412;1962.37728;9.94815
17.41412;1962.61696;9.94701
17.42412;1962.85565;9.94586
17.43412;1963.09334;9.94471
17.44412;1963.33004;9.94356
17.45412;1963.56574;9.94247
17.46412;1963.80045;9.94157
17.47412;1964.03416;9.94081
17.48412;1964.26688;9.94017
17.49412;1964.49861;9.93965
17.50412;1964.72934;9.93894
17.51412;1964.95908;9.93782
17.52412;1965.18783;9.93669
17.53412;1965.41558;9.93554
17.54412;1965.64234;9.93438
17.55412;1965.86811;9.93304
17.56412;1966.09288;9.9315
17.57412;1966.31666;9.92998
17.58412;1966.53945;9.9285
17.59412;1966.76124;9.92706
17.60412;1966.98204;9.92589
17.61412;1967.20185;9.92511
17.62412;1967.42067;9.92439
17.63412;1967.63849;9.92371
17.64412;1967.85532;9.92308
17.65412;1968.07116;9.92234
17.66412;1968.28601;9.92139
17.67412;1968.49987;9.92045
17.68412;1968.71273;9.91949
17.69412;1968.9246;9.91852
17.70412;1969.13548;9.9175
17.71412;1969.34537;9.91641
17.72412;1969.55427;9.91531
17.73412;1969.76218;9.91419
17.74412;1969.96909;9.91306
17.75412;1970.17501;9.912
17.76412;1970.37995;9.91105
17.77412;1970.58389;9.91008
17.78412;1970.78684;9.9091
17.79412;1970.9888;9.9081
17.80412;1971.18977;9.90694
17.81412;1971.38975;9.90556
17.82412;1971.58874;9.90418
17.83412;1971.78674;9.90281
17.84412;1971.98375;9.90145
17.85412;1972.17977;9.90022
17.86412;1972.37479;9.89918
17.87412;1972.56883;9.89813
17.88412;1972.76188;9.89707
17.89412;1972.95394;9.89599
17.90412;1973.14501;9.89466
17.91412;1973.33509;9.89303
17.92412;1973.52419;9.8915
17.93412;1973.71229;9.89006
17.94412;1973.8994;9.88871
17.95412;1974.08553;9.88749
17.96412;1974.27067;9.88635
17.97412;1974.45481;9.88526
17.98412;1974.63797;9.88421
17.99412;1974.82015;9.88321
18.00412;1975.00133;9.88221
18.01412;1975.18152;9.88116
18.02412;1975.36073;9.88012
18.03412;1975.53895;9.87907
18.04412;1975.71618;9.87803
18.05412;1975.89242;9.87705
18.06412;1976.06768;9.87622
18.07412;1976.24195;9.87549
18.08412;1976.41523;9.87484
18.09412;1976.58752;9.87429
18.10412;1976.75882;9.87359
18.11412;1976.92914;9.8726
18.12412;1977.09847;9.87162
18.13412;1977.26682;9.87063
18.14412;1977.43417;9.86964
18.15412;1977.60054;9.86873
18.16412;1977.76592;9.86794
18.17412;1977.93032;9.86716
18.18412;1978.09373;9.8664
18.19412;1978.25615;9.86564
18.20412;1978.41759;9.86492
18.21412;1978.57804;9.86424
18.22412;1978.7375;9.86357
18.23412;1978.89598;9.86292
18.24412;1979.05347;9.86228
18.25412;1979.20997;9.86165
18.26412;1979.36549;9.86104
18.27412;1979.52002;9.86044
18.28412;1979.67357;9.85985
18.29412;1979.82613;9.85927
18.30412;1979.9777;9.85881
18.31412;1980.12829;9.85852
18.32412;1980.27789;9.85825
18.33412;1980.42651;9.85802
18.34412;1980.57414;9.85781
18.35412;1980.72078;9.85771
18.36412;1980.86644;9.85779
18.37412;1981.01112;9.8579
18.38412;1981.1548;9.85804
18.39412;1981.29751;9.85821
18.40412;1981.43922;9.85838
18.41412;1981.57995;9.85851
18.42412;1981.7197;9.85866
18.43412;1981.85845;9.85883
18.44412;1981.99623;9.85901
18.45412;1982.13301;9.85881
18.46412;1982.26881;9.85808
18.47412;1982.40363;9.85733
18.48412;1982.53746;9.85657
18.49412;1982.6703;9.8558
18.50412;1982.80216;9.85531
18.51412;1982.93303;9.85524
18.52412;1983.06292;9.85516
18.53412;1983.19182;9.85509
18.54412;1983.31974;9.85501
18.55412;1983.44667;9.85499
18.56412;1983.57262;9.85508
18.57412;1983.69758;9.85516
18.58412;1983.82155;9.85524
18.59412;1983.94454;9.85532
18.60412;1984.06654;9.85475
18.61412;1984.18756;9.85326
18.62412;1984.30759;9.85177
18.63412;1984.42664;9.8503
18.64412;1984.54471;9.84883
18.65412;1984.66178;9.84703
18.66412;1984.77788;9.84479
18.67412;1984.89299;9.84261
18.68412;1985.00711;9.8405
18.69412;1985.12025;9.83846
18.70412;1985.23241;9.83706
18.71412;1985.34358;9.83647
18.72412;1985.45377;9.83588
18.73412;1985.56298;9.8353
18.74412;1985.6712;9.83471
18.75412;1985.77844;9.83383
18.76412;1985.88469;9.83256
18.77412;1985.98997;9.83132
18.78412;1986.09426;9.83011
18.79412;1986.19756;9.82892
18.80412;1986.29989;9.82792
18.81412;1986.40123;9.82714
18.82412;1986.50158;9.82636
18.83412;1986.60096;9.8256
18.84412;1986.69935;9.82485
18.85412;1986.79676;9.82389
18.86412;1986.89319;9.82265
18.87412;1986.98863;9.82145
18.88412;1987.0831;9.82028
18.89412;1987.17658;9.81913
18.90412;1987.26908;9.81793
18.91412;1987.3606;9.81663
18.92412;1987.45113;9.81537
18.93412;1987.54069;9.81414
18.94412;1987.62926;9.81293
18.95412;1987.71685;9.8121
18.96412;1987.80346;9.81181
18.97412;1987.88909;9.81152
18.98412;1987.97374;9.81123
18.99412;1988.05741;9.81095
19.00412;1988.14009;9.81084
19.01412;1988.2218;9.81098
19.02412;1988.30252;9.81112
19.03412;1988.38226;9.81126
19.04412;1988.46103;9.8114
19.05412;1988.53881;9.81122
19.06412;1988.61561;9.81059
19.07412;1988.69142;9.80997
19.08412;1988.76626;9.80935
19.09412;1988.84012;9.80874
19.10412;1988.91299;9.80803
19.11412;1988.98489;9.80716
19.12412;1989.0558;9.80631
19.13412;1989.12574;9.80546
19.14412;1989.19469;9.80461
19.15412;1989.26266;9.80419
19.16412;1989.32965;9.80436
19.17412;1989.39567;9.80453
19.18412;1989.4607;9.8047
19.19412;1989.52475;9.80486
19.20412;1989.58782;9.80476
19.21412;1989.64991;9.8043
19.22412;1989.71102;9.80385
19.23412;1989.77115;9.8034
19.24412;1989.83029;9.80296
19.25412;1989.88846;9.80261
19.26412;1989.94565;9.80238
19.27412;1990.00186;9.80215
19.28412;1990.05709;9.80193
19.29412;1990.11133;9.80172
19.30412;1990.1646;9.80153
19.31412;1990.21689;9.80139
19.32412;1990.2682;9.80126
19.33412;1990.31852;9.80112
19.34412;1990.36787;9.80099
19.35412;1990.41624;9.80073
19.36412;1990.46362;9.80027
19.37412;1990.51003;9.79982
19.38412;1990.55546;9.79936
19.39412;1990.5999;9.79891
19.40412;1990.64337;9.79864
19.41412;1990.68586;9.79863
19.42412;1990.72736;9.79862
19.43412;1990.76789;9.7986
19.44412;1990.80744;9.79859
19.45412;1990.84601;9.79838
19.46412;1990.8836;9.79786
19.47412;1990.9202;9.79734
19.48412;1990.95583;9.7968
19.49412;1990.99048;9.79623
19.50412;1991.02415;9.79573
19.51412;1991.05684;9.79532
19.52412;1991.08855;9.7949
19.53412;1991.11928;9.79446
19.54412;1991.14903;9.79402
19.55412;1991.1778;9.79362
19.56412;1991.20559;9.79351
19.57412;1991.23241;9.79341
19.58412;1991.25824;9.7933
19.59412;1991.28309;9.79319
19.60412;1991.30697;9.79308
19.61412;1991.32986;9.79297
19.62412;1991.35178;9.79286
19.63412;1991.37272;9.79275
19.64412;1991.39268;9.79263
19.65412;1991.41165;9.79246
19.66412;1991.42965;9.79224
19.67412;1991.44667;9.792
19.68412;1991.46271;9.79176
19.69412;1991.47778;9.7915
19.70412;1991.49186;9.7913
19.71412;1991.50496;9.79118
19.72412;1991.51709;9.79106
19.73412;1991.52823;9.7955
19.74412;1991.5384;9.79549
19.75412;1991.54758;9.79537
19.76412;1991.55579;9.79506
19.77412;1991.56302;9.79473
19.78412;1991.56926;9.79439
19.79412;1991.57453;9.79402
19.80412;1991.57882;9.7938
19.81412;1991.58213;9.79381
19.82412;1991.58446;9.79382
19.83412;1991.58581;9.79382
19.84412;1991.58618;9.79382
19.85412;1991.58557;9.79369
19.86412;1991.58399;9.79335
19.87412;1991.58142;9.79299
19.88412;1991.57787;9.7926
19.89412;1991.57335;9.79219
19.89515;1991.57283;9.70803
20.1681;1991.07215;9.70579
20.49569;1989.56257;8.87639
20.65204;1988.53257;6.78568
20.79095;1987.48924;5.6743
20.93387;1986.31159;4.7157
21.09287;1984.90008;3.82005
21.27455;1983.18389;2.95569
21.49575;1980.9841;2.15625
21.74996;1978.3541;1.56672
22.1786;1973.77624;0.98801
22.6786;1968.32845;0.57737
23.1786;1962.85179;0.03607
23.6786;1957.37162;0.23856
24.1786;1951.8928;0.2742
24.6786;1946.41817;0.7077
25.1786;1940.94484;0.1134
25.6786;1935.46976;0.08176
26.1786;1929.99602;0.23525
26.6786;1924.52592;0.60097
27.1786;1919.05711;0.02691
27.6786;1913.58739;0.04274
28.1786;1908.11996;0.42468
28.6786;1902.65417;0.16494
29.1786;1897.18966;0.39724
29.6786;1891.72655;0.17573
30.1786;1886.2647;0.37731
30.6786;1880.80422;0.1724
31.1786;1875.3458;0.50046
31.6786;1869.89144;0.66201
32.1786;1864.43714;0.05021
32.6786;1858.98176;0.26852
33.1786;1853.5302;0.65709
33.58897;1849.0585;0.56156
34.08897;1843.60962;0.35885
34.58897;1838.15988;0.09852
35.08897;1832.7176;1.06857
35.56628;1827.52437;0.05225
36.06628;1822.07947;0.38394
36.56628;1816.63901;0.79255
37.06628;1811.2011;0.53506
37.56628;1805.76085;0.16041
38.06628;1800.32036;0.30878
38.56628;1794.8813;0.25099
39.06628;1789.443;0.00434
39.56628;1784.00645;0.36983
40.06628;1778.57227;0.39179
40.56628;1773.13866;0.01769
41.06628;1767.70798;0.64653
41.56628;1762.28124;0.62296
42.05784;1756.946;0.39421
42.55784;1751.51795;0.00974
43.05784;1746.08999;0.05725
43.55784;1740.6634;0.15572
44.05784;1735.23887;0.34045
44.55784;1729.81569;0.1308
45.05784;1724.3932;0.11977
45.55784;1718.97238;0.28667
46.05784;1713.5538;0.38808
46.55784;1708.13765;0.4964
47.05784;1702.72198;0.03518
47.55784;1697.30833;0.60648
48.05784;1691.89609;0.06778
48.55784;1686.48324;0.25317
49.05784;1681.07397;0.62304
49.42612;1677.0928;0.73516
49.92612;1671.68968;0.70426
50.31618;1667.47489;0.57757
50.81618;1662.07021;0.02946
51.31618;1656.66597;0.53023
51.81618;1651.26297;0.07356
52.2816;1646.23863;1.00082
52.7816;1640.84524;0.64304
53.2816;1635.44812;0.29618
53.7816;1630.05427;0.8995
54.2816;1624.66135;0.04583
54.7816;1619.26492;0.22706
55.2816;1613.86972;0.24311
55.7816;1608.47559;0.12801
56.2816;1603.08386;0.48913
56.7816;1597.6935;0.11936
57.2816;1592.30455;0.50793
57.7816;1586.91751;0.33063
58.2816;1581.53024;0.09873
58.7816;1576.14412;0.32984
59.2816;1570.75963;0.26011
59.7816;1565.37581;0.07945
60.2816;1559.99407;0.44902
60.7816;1554.61479;0.42424
61.2816;1549.23709;0.48436
61.7816;1543.86256;0.69109
62.2816;1538.488;0.06406
62.7816;1533.11196;0.24463
63.2816;1527.7371;0.16453
63.7816;1522.36337;0.2033
64.2816;1516.99333;0.64253
64.61345;1513.43254;0.86496
65.11345;1508.06893;0.64956
65.61345;1502.71023;1.09546
65.96505;1498.94295;0.32797
66.46505;1493.58518;0.98309
66.96505;1488.22603;0.10355
67.46505;1482.86198;0.11246
67.82824;1478.97128;1.26455
68.2905;1474.02249;0.48655
68.7905;1468.6641;0.16446
69.2905;1463.30521;0.32367
69.7905;1457.9497;0.61288
70.2905;1452.59533;0.21922
70.7905;1447.24048;0.30632
71.2905;1441.88715;0.32313
71.7905;1436.53511;0.29479
72.2905;1431.18496;0.44351
72.7905;1425.83569;0.11133
73.2905;1420.48646;0.01034
73.77282;1415.33378;1.04644
74.14017;1411.41197;0.26742
74.64017;1406.06939;0.31545
75.14017;1400.73253;1.04234
75.64017;1395.40776;1.3274
76.06617;1390.86856;0.17761
76.56617;1385.53088;0.20577
77.06617;1380.19201;0.1556
77.56617;1374.85571;0.52476
78.06617;1369.52078;0.13426
78.56617;1364.18684;0.47487
79.03679;1359.16943;0.58792
79.53679;1353.83895;0.1892
80.03679;1348.50758;0.09437
80.38744;1344.77455;1.33195
80.88744;1339.45968;1.01009
81.38744;1334.14114;0.59253
81.86895;1329.01516;0.44634
82.36895;1323.69639;0.92974
82.86895;1318.37857;0.34711
83.36895;1313.05781;0.44499
83.86895;1307.73935;0.58092
84.36895;1302.42339;0.61591
84.70003;1298.90548;0.89463
85.20003;1293.59287;0.46153
85.68422;1288.44738;0.57118
86.18422;1283.13359;0.06183
86.68422;1277.81933;0.26211
87.18422;1272.50662;0.25937
87.68422;1267.19755;0.66198
88.18422;1261.89019;0.33194
88.68422;1256.58563;0.82518
89.18422;1251.28182;0.10461
89.68422;1245.97519;0.19926
90.18422;1240.66944;0.03125
90.68422;1235.36582;0.42429
91.18422;1230.06614;0.64275
91.68422;1224.77119;0.83395
92.18422;1219.47517;0.07214
92.68422;1214.17581;0.01071
93.15928;1209.14771;1.04216
93.5692;1204.81131;0.12154
94.0692;1199.51674;0.025
94.5692;1194.22393;0.58202
95.0692;1188.93339;0.39287
95.5692;1183.64362;0.50138
96.0692;1178.35409;0.04621
96.5692;1173.06903;0.88374
97.0692;1167.78549;0.10714
97.5692;1162.49831;0.04
98.0692;1157.21213;0.1742
98.5692;1151.92748;0.22516
99.0692;1146.64396;0.10293
99.5692;1141.36144;0.12861
100.0692;1136.08092;0.36409
100.5692;1130.80169;0.138
101.0692;1125.52488;0.56597
101.5692;1120.24931;0.10274
102.0692;1114.97401;0.40806
102.5692;1109.69979;0.03142
103.0692;1104.4261;0.24059
103.5692;1099.15558;0.56334
104.0692;1093.88721;0.42732
104.5692;1088.61824;0.15076
105.0692;1083.35066;0.47808
105.5692;1078.08423;0.11003
106.0692;1072.81767;0.12732
106.5692;1067.5562;0.80339
107.0692;1062.2972;0.41593
107.5692;1057.0356;0.17116
108.0692;1051.77497;0.41721
108.5692;1046.5184;0.69481
109.0692;1041.26213;0.03084
109.5692;1036.00427;0.23177
110.0692;1030.74742;0.02498
110.5692;1025.49205;0.32026
111.0692;1020.23855;0.31814
111.5692;1014.98594;0.21754
112.0692;1009.73398;0.14524
112.52555;1004.94919;1.24073
112.77673;1002.31885;0.57616
113.22048;997.66577;0.03888
113.72048;992.42323;0.88427
114.22048;987.18128;0.03333
114.72048;981.93636;0.34516
115.22048;976.69291;0.27934
115.72048;971.45007;0.12427
116.22048;966.21005;0.57615
116.72048;960.97314;0.53878
117.22048;955.73602;0.28792
117.72048;950.50102;0.66765
118.22048;945.26921;0.61907
118.72048;940.03624;0.2142
119.22048;934.80205;0.13578
119.66038;930.20249;1.00114
120.16038;924.9768;0.36424
120.66038;919.74687;0.04791
121.16038;914.517;0.05006
121.66038;909.28848;0.17832
122.16038;904.06121;0.0624
122.59803;899.49215;1.08045
123.05387;894.73518;0.13126
123.55387;889.51301;0.36644
124.05387;884.29111;0.01975
124.55387;879.07123;0.52014
125.05387;873.85328;0.323
125.48075;869.40136;0.84843
125.80086;866.06472;0.48517
126.30086;860.8501;0.07864
126.80086;855.63422;0.11376
127.30086;850.42021;0.3643
127.80086;845.20827;0.37309
128.30086;839.99906;0.6033
128.80086;834.79372;0.73632
129.30086;829.58838;0.38267
129.80086;824.3813;0.29784
130.30086;819.18342;1.20904
130.66579;815.39208;0.16862
131.16579;810.18991;0.19922
131.66579;804.98693;0.38285
132.16579;799.78519;0.25556
132.66579;794.58411;0.24243
133.16579;789.38468;0.37463
133.66579;784.18627;0.16594
134.16579;778.98844;0.21377
134.66579;773.79262;0.40227
135.16579;768.59837;0.30968
135.66579;763.40521;0.3798
136.16579;758.2133;0.32231
136.66579;753.02174;0.10525
137.16579;747.83258;0.55273
137.66579;742.64492;0.22388
138.16579;737.45669;0.15602
138.66579;732.27049;0.44905
139.16579;727.08558;0.17855
139.66579;721.90135;0.34714
140.16579;716.71936;0.45085
140.56301;712.60566;0.80833
141.06301;707.4278;0.21978
141.56301;702.24847;0.38533
142.06301;697.07121;0.46137
142.56301;691.89447;0.19319
143.06301;686.71751;0.02404
143.56301;681.54212;0.33401
144.06301;676.37008;0.5814
144.56301;671.19862;0.01825
145.06301;666.02648;0.23071
145.56301;660.85631;0.37559
146.06301;655.68756;0.29873
146.56301;650.52033;0.44088
147.06301;645.35611;0.61703
147.56301;640.19209;0.16931
148.06301;635.02698;0.18801
148.56301;629.86389;0.42379
149.06301;624.70182;0.08484
149.56301;619.53999;0.19155
150.06301;614.37927;0.09348
150.56301;609.22111;0.50826
151.06301;604.06534;0.43733
151.56301;598.91023;0.41577
152.06301;593.75554;0.27698
152.56301;588.60093;0.11562
153.06301;583.44711;0.16712
153.56301;578.2961;0.52813
154.06301;573.14695;0.35676
154.56301;568.00263;0.9298
154.96383;563.88029;0.31802
155.46383;558.73424;0.32941
155.96383;553.59125;0.76362
156.30457;550.08887;0.70405
156.80457;544.9532;1.00119
157.30457;539.81552;0.06029
157.80457;534.67515;0.64375
158.30457;529.53626;0.29219
158.80457;524.4017;0.95958
159.30083;519.30635;0.06038
159.80083;514.16798;0.1217
160.30083;509.03275;0.60878
160.80083;503.9004;0.52717
161.30083;498.76732;0.25289
161.80083;493.63637;0.66989
162.12485;490.31433;0.8739
162.62485;485.18673;0.24432
163.10239;480.29029;0.80304
163.60239;475.16439;0.08075
164.10239;470.03686;0.42188
164.60239;464.91261;0.59478
164.96583;461.19035;0.78133
165.28943;457.87635;0.34187
165.78943;452.75486;0.48429
166.28943;447.63289;0.13064
166.78943;442.5117;0.42966
167.28943;437.39381;0.59712
167.78943;432.27633;0.22796
168.28943;427.15881;0.41095
168.78943;422.04839;1.00466
169.28943;416.93875;0.26314
169.62959;413.46324;1.20774
169.96259;410.06263;0.19531
170.43185;405.27009;0.89721
170.93185;400.16308;0.31715
171.43185;395.0532;0.3866
171.93185;389.94367;0.05049
172.43185;384.83447;0.14976
172.93185;379.72802;0.50985
173.43185;374.62342;0.34973
173.93185;369.51954;0.4312
174.43185;364.41664;0.31148
174.87449;359.90249;0.81831
175.37449;354.80556;0.51162
175.87449;349.70726;0.44601
176.37449;344.61095;0.64317
176.87449;339.51457;0.04994
177.36139;334.55707;1.07311
177.77062;330.39242;0.1234
178.27062;325.29813;0.08138
178.77062;320.20385;0.26296
179.27062;315.11266;0.56758
179.77062;310.02384;0.50222
180.27062;304.93528;0.41775
180.74231;300.13665;0.64235
181.24231;295.05075;0.32003
181.74231;289.96359;0.15419
182.24231;284.87906;0.59406
182.74231;279.79564;0.09252
183.24231;274.71272;0.50751
183.74231;269.63088;0.05889
184.24231;264.55161;0.69676
184.74231;259.47412;0.31153
185.24231;254.39483;0.13192
185.74231;249.31594;0.03459
186.24231;244.23803;0.01973
186.74231;239.16139;0.15147
187.24231;234.08589;0.06324
187.74231;229.01244;0.40875
188.24231;223.94138;0.44745
188.74231;218.872;0.49716
189.24231;213.80275;0.21568
189.74231;208.73356;0.28881
190.24231;203.66827;0.70424
190.74231;198.60639;0.6578
191.14487;194.53115;0.58426
191.64487;189.46794;0.17737
192.14487;184.40348;0.06255
192.64487;179.34187;0.56446
193.14487;174.28139;0.01824
193.64487;169.22012;0.14115
194.14487;164.16117;0.44716
194.64487;159.10461;0.4637
195.14487;154.04921;0.44868
195.64487;148.99358;0.08803
196.14487;143.93849;0.34794
196.64487;138.88619;0.52684
197.14487;133.83457;0.22033
197.64487;128.78414;0.54272
198.14487;123.73915;0.86091
198.56639;119.48648;0.32558
199.06639;114.43838;0.03752
199.56639;109.3905;0.298
200.06639;104.3446;0.38197
200.56639;99.29942;0.16233
201.06639;94.26264;1.14867
201.56639;89.23271;0.94807
202.06639;84.19579;0.0574
202.56639;79.15744;0.73694
202.91008;75.69701;0.71826
203.21684;72.60799;0.40225
203.71684;67.57063;0.10277
204.21111;62.59514;0.90896
204.71111;57.56881;0.95477
205.21111;52.53976;0.43376
205.61129;48.51371;0.81591
206.11129;43.48713;0.79488
206.61129;38.45877;0.33191
207.11129;33.42771;0.22353
207.61129;28.39693;0.05734
208.11129;23.3714;0.84565
208.35556;20.91996;1.20297
208.85556;15.90179;0.72554
209.20473;12.39558;0.70654
209.57639;8.66237;0.23349
210.07639;3.63778;0.12545
210.43837;0;0.01958
